{
  "project_info": {
    "project_number": "99907327881",
    "project_id": "sobat-mental",
    "storage_bucket": "sobat-mental.appspot.com"
  },
  "client": [
    {
      "client_info": {
        "mobilesdk_app_id": "1:99907327881:android:a14eba3a40ea54fb607358",
        "android_client_info": {
          "package_name": "com.sobatmental.web"
        }
      },
      "oauth_client": [
        {
          "client_id": "99907327881-nosv9jqjrmo8anbfd2p8fivsoof7l6re.apps.googleusercontent.com",
          "client_type": 1,
          "android_info": {
            "package_name": "com.sobatmental.web",
            "certificate_hash": "9bbb3186b2189ef16d8f272bdab59362c395cbb4"
          }
        },
        {
          "client_id": "99907327881-jfktro6p9su57gsfqcljhs0uljmdtlep.apps.googleusercontent.com",
          "client_type": 3
        }
      ],
      "api_key": [
        {
          "current_key": "AIzaSyBAF6_RIB85e-FUfqO5wdzV0wRzZUVtCRw"
        }
      ],
      "services": {
        "appinvite_service": {
          "other_platform_oauth_client": [
            {
              "client_id": "99907327881-jfktro6p9su57gsfqcljhs0uljmdtlep.apps.googleusercontent.com",
              "client_type": 3
            },
            {
              "client_id": "99907327881-iafp5rv9p3757ab16skfb3pdvd8fssn7.apps.googleusercontent.com",
              "client_type": 2,
              "ios_info": {
                "bundle_id": "com.sobatmental.web"
              }
            }
          ]
        }
      }
    }
  ],
  "configuration_version": "1"
}